1,100,foo 1,driverschool.frumble.com,"{Task,Defect,Feature,TestCase}","{10,12}"
2,100,foo 2,boneyard.com/munch,"{Task,Story}","{11,10,12}"
3,200,foo 3,boneyard.com/munch,"{Feature,Story}","{14,13,15}"
4,200,foo 4,boneyard.com/munch,"{Task,Feature,Defect,Story}","{15,13}"
5,300,foo 5,https://undisclosed.location.dump,"{Feature,Task,Defect}","{17,18,16}"
6,300,foo 6,foobar.xyz/chew/fozz,"{Task}","{16,17}"
7,400,foo 7,trampoline.4u,"{TestCase,Task}","{19,21,20}"
8,400,foo 8,trampoline.4u,"{Feature,Task,TestCase,Defect}","{21,19}"
9,500,foo 9,pinoccio.edu,"{Defect,TestCase,Task,Story}","{22}"
10,500,foo 10,driverschool.frumble.com,"{Feature}","{22,24,23}"
11,600,foo 11,pinoccio.edu,"{Defect}","{26,25}"
12,600,foo 12,boneyard.com/munch,"{TestCase}","{25}"
13,700,foo 13,https://undisclosed.location.dump,"{Defect,Task,Story,TestCase}","{28,29}"
14,700,foo 14,https://undisclosed.location.dump,"{Task,Defect,Story}","{28,29}"
15,800,foo 15,trampoline.4u,"{Story,Defect}","{31,33,32}"
16,800,foo 16,boneyard.com/munch,"{Feature}","{32,31,33}"
17,900,foo 17,pinoccio.edu,"{Defect,Task,Feature}","{34,35,36}"
18,900,foo 18,https://undisclosed.location.dump,"{Story,Task}","{36}"
19,1000,foo 19,https://undisclosed.location.dump,"{Defect,TestCase,Task}","{38}"
20,1000,foo 20,www.frobohar.org/pontificate/sjwpope,"{Story,Feature}","{37,39,38}"
21,1100,foo 21,https://undisclosed.location.dump,"{TestCase,Task,Story}","{41}"
22,1100,foo 22,boneyard.com/munch,"{Task}","{40,42}"
23,1200,foo 23,boneyard.com/munch,"{Story,Defect}","{43}"
24,1200,foo 24,www.frobohar.org/pontificate/sjwpope,"{Defect,TestCase,Feature,Task}","{43,45,44}"
25,1300,foo 25,pinoccio.edu,"{Task,Story,TestCase,Feature}","{46}"
26,1300,foo 26,trampoline.4u,"{Task,Story,TestCase}","{46,48,47}"
27,1400,foo 27,foobar.xyz/chew/fozz,"{Feature,TestCase}","{50,49,51}"
28,1400,foo 28,https://undisclosed.location.dump,"{TestCase,Task,Feature}","{49,50}"
29,1500,foo 29,https://undisclosed.location.dump,"{Feature}","{54,53}"
30,1500,foo 30,foobar.xyz/chew/fozz,"{Task,Story}","{52}"
31,1600,foo 31,pinoccio.edu,"{Defect,Feature,Story}","{55,56}"
32,1600,foo 32,www.frobohar.org/pontificate/sjwpope,"{Task,Story,Feature}","{57,56,55}"
33,1700,foo 33,driverschool.frumble.com,"{Feature,Task,Defect}","{59,60,58}"
34,1700,foo 34,boneyard.com/munch,"{Feature,Defect,Task}","{58,59}"
35,1800,foo 35,boneyard.com/munch,"{TestCase}","{61}"
36,1800,foo 36,trampoline.4u,"{Story}","{62,63,61}"
37,1900,foo 37,boneyard.com/munch,"{Defect,Feature,Story,TestCase}","{66,65}"
38,1900,foo 38,pinoccio.edu,"{TestCase,Task,Defect,Story}","{66}"
39,2000,foo 39,driverschool.frumble.com,"{TestCase}","{67,68,69}"
40,2000,foo 40,foobar.xyz/chew/fozz,"{Story}","{67,68}"
41,2100,foo 41,https://undisclosed.location.dump,"{Defect,Story}","{72}"
42,2100,foo 42,www.frobohar.org/pontificate/sjwpope,"{TestCase,Story}","{70}"
43,2200,foo 43,boneyard.com/munch,"{Task,TestCase,Feature,Defect}","{73}"
44,2200,foo 44,www.frobohar.org/pontificate/sjwpope,"{Story,Task,Defect}","{73}"
45,2300,foo 45,foobar.xyz/chew/fozz,"{TestCase,Feature,Story}","{76,78,77}"
46,2300,foo 46,https://undisclosed.location.dump,"{Feature,TestCase,Task}","{78,77,76}"
47,2400,foo 47,boneyard.com/munch,"{Story,Task}","{79,80,81}"
48,2400,foo 48,https://undisclosed.location.dump,"{Story,Defect,Feature,Task}","{80,81,79}"
49,2500,foo 49,https://undisclosed.location.dump,"{TestCase,Feature,Task}","{83}"
50,2500,foo 50,https://undisclosed.location.dump,"{Task,TestCase,Defect,Feature}","{82,83}"
51,2600,foo 51,pinoccio.edu,"{Defect,Feature}","{87}"
52,2600,foo 52,trampoline.4u,"{Story}","{85,87}"
53,2700,foo 53,foobar.xyz/chew/fozz,"{Defect,Feature,Task,TestCase}","{90,89}"
54,2700,foo 54,https://undisclosed.location.dump,"{TestCase,Defect,Task,Story}","{89}"
55,2800,foo 55,driverschool.frumble.com,"{Task}","{93}"
56,2800,foo 56,https://undisclosed.location.dump,"{Defect}","{91,92,93}"
57,2900,foo 57,https://undisclosed.location.dump,"{Defect,Task,Feature,Story}","{94}"
58,2900,foo 58,trampoline.4u,"{Defect}","{94,95,96}"
59,3000,foo 59,boneyard.com/munch,"{TestCase}","{99,98}"
60,3000,foo 60,boneyard.com/munch,"{Defect,Feature,Story}","{98}"
61,3100,foo 61,www.frobohar.org/pontificate/sjwpope,"{Task}","{101,102,100}"
62,3100,foo 62,foobar.xyz/chew/fozz,"{TestCase,Task}","{102}"
63,3200,foo 63,https://undisclosed.location.dump,"{Task,Defect,Story}","{103}"
64,3200,foo 64,https://undisclosed.location.dump,"{Task,Feature,Defect}","{105,104,103}"
65,3300,foo 65,www.frobohar.org/pontificate/sjwpope,"{Feature}","{106}"
66,3300,foo 66,boneyard.com/munch,"{TestCase,Feature,Story}","{106,108}"
67,3400,foo 67,foobar.xyz/chew/fozz,"{Story,TestCase}","{109,111}"
68,3400,foo 68,boneyard.com/munch,"{Task,Feature,Defect,Story}","{110,111,109}"
69,3500,foo 69,driverschool.frumble.com,"{Defect,Feature}","{114,113}"
70,3500,foo 70,www.frobohar.org/pontificate/sjwpope,"{TestCase,Story,Task}","{114,113,112}"
71,3600,foo 71,foobar.xyz/chew/fozz,"{Feature,Story}","{116,117}"
72,3600,foo 72,foobar.xyz/chew/fozz,"{Task,TestCase,Defect}","{115,116}"
73,3700,foo 73,https://undisclosed.location.dump,"{Story,TestCase,Feature,Task}","{120}"
74,3700,foo 74,pinoccio.edu,"{Story,Task}","{120,118,119}"
75,3800,foo 75,www.frobohar.org/pontificate/sjwpope,"{Task,Defect,Feature}","{122,123,121}"
76,3800,foo 76,pinoccio.edu,"{TestCase,Defect}","{123,121}"
77,3900,foo 77,driverschool.frumble.com,"{Story,TestCase,Feature,Defect}","{124,125,126}"
78,3900,foo 78,trampoline.4u,"{TestCase,Defect,Task,Story}","{124,125,126}"
79,4000,foo 79,https://undisclosed.location.dump,"{Feature,TestCase,Task,Defect}","{129,127,128}"
80,4000,foo 80,www.frobohar.org/pontificate/sjwpope,"{Defect,Feature,TestCase,Task}","{127}"
81,4100,foo 81,driverschool.frumble.com,"{Feature,Story,Defect,TestCase}","{132}"
82,4100,foo 82,https://undisclosed.location.dump,"{Story}","{132,130}"
83,4200,foo 83,trampoline.4u,"{Story,TestCase}","{135}"
84,4200,foo 84,www.frobohar.org/pontificate/sjwpope,"{Story}","{135,133}"
85,4300,foo 85,driverschool.frumble.com,"{Task,Feature}","{137,138}"
86,4300,foo 86,www.frobohar.org/pontificate/sjwpope,"{Task,Feature,Defect}","{137,136,138}"
87,4400,foo 87,foobar.xyz/chew/fozz,"{Task,Story,Defect,Feature}","{140,139,141}"
88,4400,foo 88,foobar.xyz/chew/fozz,"{Story}","{140}"
89,4500,foo 89,https://undisclosed.location.dump,"{Defect,Task,Feature}","{143,142,144}"
90,4500,foo 90,boneyard.com/munch,"{Story,Feature,Task}","{142,144,143}"
91,4600,foo 91,trampoline.4u,"{Story,Defect}","{146,145}"
92,4600,foo 92,https://undisclosed.location.dump,"{Task}","{145}"
93,4700,foo 93,trampoline.4u,"{Defect,Task}","{148}"
94,4700,foo 94,foobar.xyz/chew/fozz,"{Feature,Story}","{150}"
95,4800,foo 95,boneyard.com/munch,"{Defect}","{153}"
96,4800,foo 96,boneyard.com/munch,"{Task,TestCase,Defect}","{152}"
97,4900,foo 97,foobar.xyz/chew/fozz,"{TestCase,Feature,Task,Story}","{155}"
98,4900,foo 98,https://undisclosed.location.dump,"{TestCase,Task}","{154,155,156}"
99,5000,foo 99,pinoccio.edu,"{Story,TestCase,Feature}","{157,159,158}"
100,5000,foo 100,driverschool.frumble.com,"{Feature,Defect,Story,TestCase}","{157}"
101,5100,foo 101,trampoline.4u,"{Defect,Task}","{161,162}"
102,5100,foo 102,boneyard.com/munch,"{TestCase}","{162,160}"
103,5200,foo 103,www.frobohar.org/pontificate/sjwpope,"{Task,TestCase}","{165,163,164}"
104,5200,foo 104,trampoline.4u,"{Defect,Task}","{165,164,163}"
105,5300,foo 105,foobar.xyz/chew/fozz,"{Feature,Task}","{168,166,167}"
106,5300,foo 106,pinoccio.edu,"{TestCase,Story}","{166,168}"
107,5400,foo 107,https://undisclosed.location.dump,"{Defect,Story}","{169}"
108,5400,foo 108,boneyard.com/munch,"{Feature,Task,TestCase,Story}","{171,170,169}"
109,5500,foo 109,https://undisclosed.location.dump,"{Defect,Feature}","{172}"
110,5500,foo 110,pinoccio.edu,"{Story,TestCase,Defect,Task}","{173,172,174}"
111,5600,foo 111,driverschool.frumble.com,"{Feature,TestCase,Defect}","{175}"
112,5600,foo 112,https://undisclosed.location.dump,"{Story,Defect,Feature}","{177,176,175}"
113,5700,foo 113,https://undisclosed.location.dump,"{Task,Feature,Story,TestCase}","{178,179,180}"
114,5700,foo 114,https://undisclosed.location.dump,"{Feature}","{180,179,178}"
115,5800,foo 115,trampoline.4u,"{Story,Task}","{181}"
116,5800,foo 116,foobar.xyz/chew/fozz,"{Task,Feature}","{182}"
117,5900,foo 117,boneyard.com/munch,"{Task}","{186}"
118,5900,foo 118,foobar.xyz/chew/fozz,"{Feature,Task,TestCase,Defect}","{186}"
119,6000,foo 119,trampoline.4u,"{Feature}","{187,189}"
120,6000,foo 120,https://undisclosed.location.dump,"{Story,TestCase}","{189}"
121,6100,foo 121,driverschool.frumble.com,"{Story,Defect,Feature}","{192,191}"
122,6100,foo 122,trampoline.4u,"{Task,TestCase}","{190,192}"
123,6200,foo 123,pinoccio.edu,"{Feature}","{194}"
124,6200,foo 124,driverschool.frumble.com,"{Story,Task}","{193}"
125,6300,foo 125,https://undisclosed.location.dump,"{Story,Feature}","{198,197,196}"
126,6300,foo 126,driverschool.frumble.com,"{Feature,Story,Task,Defect}","{197}"
127,6400,foo 127,trampoline.4u,"{Task}","{200,201}"
128,6400,foo 128,www.frobohar.org/pontificate/sjwpope,"{TestCase,Defect,Task,Feature}","{200}"
129,6500,foo 129,https://undisclosed.location.dump,"{Story}","{202,204}"
130,6500,foo 130,www.frobohar.org/pontificate/sjwpope,"{Feature,Task,Defect}","{204,202}"
131,6600,foo 131,foobar.xyz/chew/fozz,"{Defect}","{206}"
132,6600,foo 132,driverschool.frumble.com,"{TestCase}","{205}"
133,6700,foo 133,foobar.xyz/chew/fozz,"{Story,Task}","{210,208,209}"
134,6700,foo 134,foobar.xyz/chew/fozz,"{Task}","{208}"
135,6800,foo 135,boneyard.com/munch,"{Task,Defect}","{213,211}"
136,6800,foo 136,driverschool.frumble.com,"{Defect}","{211,212}"
137,6900,foo 137,trampoline.4u,"{Feature}","{215,216,214}"
138,6900,foo 138,www.frobohar.org/pontificate/sjwpope,"{Defect,Task,Story,TestCase}","{214}"
139,7000,foo 139,trampoline.4u,"{TestCase,Task,Story,Defect}","{218}"
140,7000,foo 140,www.frobohar.org/pontificate/sjwpope,"{Story,Task,Defect}","{218}"
141,7100,foo 141,pinoccio.edu,"{Story,Task}","{221}"
142,7100,foo 142,pinoccio.edu,"{Feature,Defect,Story}","{220,222}"
143,7200,foo 143,boneyard.com/munch,"{Task,Feature,Story}","{225}"
144,7200,foo 144,pinoccio.edu,"{Defect}","{224,225}"
145,7300,foo 145,boneyard.com/munch,"{Defect,Feature,TestCase}","{228}"
146,7300,foo 146,driverschool.frumble.com,"{Story,Defect}","{228,226}"
147,7400,foo 147,pinoccio.edu,"{Task,Defect,Feature}","{229}"
148,7400,foo 148,https://undisclosed.location.dump,"{TestCase,Defect}","{231}"
149,7500,foo 149,trampoline.4u,"{TestCase,Defect,Story,Feature}","{234,233}"
150,7500,foo 150,www.frobohar.org/pontificate/sjwpope,"{Story}","{232,233}"
151,7600,foo 151,www.frobohar.org/pontificate/sjwpope,"{TestCase,Defect,Task,Feature}","{235,236}"
152,7600,foo 152,https://undisclosed.location.dump,"{Defect,TestCase,Story}","{237}"
153,7700,foo 153,www.frobohar.org/pontificate/sjwpope,"{Task,Feature,TestCase}","{240,238}"
154,7700,foo 154,trampoline.4u,"{TestCase,Defect}","{240,238}"
155,7800,foo 155,foobar.xyz/chew/fozz,"{Story,Feature,Task,Defect}","{241,243,242}"
156,7800,foo 156,www.frobohar.org/pontificate/sjwpope,"{Feature,Defect}","{242,241}"
157,7900,foo 157,pinoccio.edu,"{Feature,Task}","{246}"
158,7900,foo 158,https://undisclosed.location.dump,"{TestCase,Task,Story,Defect}","{244}"
159,8000,foo 159,trampoline.4u,"{Defect,TestCase,Task,Story}","{247,248}"
160,8000,foo 160,https://undisclosed.location.dump,"{TestCase,Story,Defect}","{248}"
161,8100,foo 161,driverschool.frumble.com,"{TestCase,Task}","{252,250,251}"
162,8100,foo 162,trampoline.4u,"{Story,TestCase,Feature,Task}","{252}"
163,8200,foo 163,https://undisclosed.location.dump,"{Task,Feature,Story}","{254,255,253}"
164,8200,foo 164,pinoccio.edu,"{Feature,TestCase}","{253,254,255}"
165,8300,foo 165,foobar.xyz/chew/fozz,"{TestCase,Story,Feature}","{258,257}"
166,8300,foo 166,trampoline.4u,"{Feature,TestCase}","{257,258}"
167,8400,foo 167,boneyard.com/munch,"{Feature,TestCase,Story}","{260,259,261}"
168,8400,foo 168,boneyard.com/munch,"{Task,Defect,Story}","{260,259}"
169,8500,foo 169,driverschool.frumble.com,"{Task,Story,Defect,TestCase}","{262,264,263}"
170,8500,foo 170,foobar.xyz/chew/fozz,"{Story,Feature,Task}","{263,262}"
171,8600,foo 171,www.frobohar.org/pontificate/sjwpope,"{TestCase,Defect,Story,Task}","{265,267,266}"
172,8600,foo 172,pinoccio.edu,"{Feature,Task,Story,TestCase}","{267,265}"
173,8700,foo 173,www.frobohar.org/pontificate/sjwpope,"{Story,Task,Feature}","{268,269}"
174,8700,foo 174,trampoline.4u,"{Task,Defect,Story}","{268}"
175,8800,foo 175,driverschool.frumble.com,"{Task,TestCase,Story,Feature}","{273,271}"
176,8800,foo 176,foobar.xyz/chew/fozz,"{Defect,Task,Feature,Story}","{272,273}"
177,8900,foo 177,www.frobohar.org/pontificate/sjwpope,"{TestCase,Task,Feature}","{275,276,274}"
178,8900,foo 178,trampoline.4u,"{Task,Feature,Defect,TestCase}","{276}"
179,9000,foo 179,boneyard.com/munch,"{Task,Story,Feature}","{279}"
180,9000,foo 180,www.frobohar.org/pontificate/sjwpope,"{Story,TestCase,Task}","{279,278}"
181,9100,foo 181,pinoccio.edu,"{Task,Story,TestCase}","{281}"
182,9100,foo 182,https://undisclosed.location.dump,"{TestCase}","{282}"
183,9200,foo 183,driverschool.frumble.com,"{Feature,Task}","{285}"
184,9200,foo 184,www.frobohar.org/pontificate/sjwpope,"{Defect}","{285,283}"
185,9300,foo 185,https://undisclosed.location.dump,"{Feature,Task}","{286}"
186,9300,foo 186,driverschool.frumble.com,"{Feature,TestCase,Story}","{287,286,288}"
187,9400,foo 187,driverschool.frumble.com,"{Feature,Defect,Task,TestCase}","{289,291}"
188,9400,foo 188,driverschool.frumble.com,"{TestCase,Defect}","{289,290}"
189,9500,foo 189,pinoccio.edu,"{Feature,Defect,Task}","{292}"
190,9500,foo 190,www.frobohar.org/pontificate/sjwpope,"{Feature,Task}","{293,294,292}"
191,9600,foo 191,pinoccio.edu,"{Task,Story}","{297,295,296}"
192,9600,foo 192,driverschool.frumble.com,"{Story,Task}","{295,296}"
193,9700,foo 193,foobar.xyz/chew/fozz,"{Defect,Task,Feature}","{298,299,300}"
194,9700,foo 194,boneyard.com/munch,"{TestCase,Defect,Story}","{300,299,298}"
195,9800,foo 195,www.frobohar.org/pontificate/sjwpope,"{Task,TestCase,Story}","{301}"
196,9800,foo 196,foobar.xyz/chew/fozz,"{Defect}","{303,301}"
197,9900,foo 197,trampoline.4u,"{Defect,Feature,Story,Task}","{306}"
198,9900,foo 198,www.frobohar.org/pontificate/sjwpope,"{Feature,Defect}","{304,305}"
199,9900,sct 199,grankus.gov/fruitloops,"{Story,Defect}","{304,305,307}"
